GARAGE DEMEYERE KNOKKE-HEIST,WESTKAPELLESTRAAT 180  8301 KNOKKE-HEIST,tel:+3250512318,Atelier Mecanique,Vente Vehicules Neufs,Magasin Pieces Rechange
GARAGE DEMEYERE BRUGGE,PATHOEKEWEG 11+  8000 BRUGGE,tel:+3250530000,Atelier Mecanique,Vente Vehicules Neufs,Magasin Pieces Rechange
GARAGE DANIEL CLICTEUR,SINT-PIETERSKAAI 48  8000 BRUGGE,tel:+3250314163,Atelier Mecanique,Vente Vehicules Neufs,Atelier Carrosserie,Magasin Pieces Rechange
GARAGE VANHOVE FRANK BVBA,BRUGSESTEENWEG 101  8420 WENDUINE,tel:+3250415690,Atelier Mecanique,Vente Vehicules Neufs,Atelier Carrosserie,Magasin Pieces Rechange,Renault Minute Service
AUTOBEDRIJF H TEIRLINCK,OEDELEMSESTEENWEG 50  8340 SIJSELE,tel:+3250353736,Atelier Mecanique,Vente Vehicules Neufs,Magasin Pieces Rechange
MAHY BRUGGE,GRASDREEF 2  8200 BRUGGE,,Atelier Mecanique,Vente Vehicules Neufs,Magasin Pieces Rechange
V&D MOTORS NV - MALDEGEM,WEGGEVOERDENLAAN 7  9990 MALDEGEM,tel:+3250712042,Atelier Mecanique,Vente Vehicules Neufs,Atelier Carrosserie,Magasin Pieces Rechange
GARAGE LIEVEN BLOMME,STEKELHOEK 1  9910 KNESSELARE,tel:+3293744314,Atelier Mecanique,Vente Vehicules Neufs,Magasin Pieces Rechange
RENAULT MINUTE BREDENE,BRUGSESTEENWEG 51 A  8450 BREDENE,tel:+3259333311,Renault Rent,Atelier Mecanique,Vente Vehicules Neufs,Magasin Pieces Rechange,Renault Minute Service
AUTOBEDRIJF VERMEIRE NV,TORHOUTSESTEENWEG 693  8400 OOSTENDE,tel:+3259705147,Renault Rent,Atelier Mecanique,Vente Vehicules Neufs,Atelier Carrosserie,Magasin Pieces Rechange
GARAGE & CAR. MONNAERS EVBA,AZALEASTRAAT 2  9930 ZOMERGEM,tel:+3293724046,Atelier Mecanique,Vente Vehicules Neufs,Atelier Carrosserie,Magasin Pieces Rechange
GARAGE GOETHALS DAVY BVBA,OUDE BRUGGESTRAAT 100  8750 WINGENE,tel:+3251658365,Atelier Mecanique,Vente Vehicules Neufs,Magasin Pieces Rechange
AUTOBEDRIJF DECLEIR BVBA,OOSTENDESTRAAT 258  8820 TORHOUT,tel:+3250215262,Renault Rent,Atelier Mecanique,Vente Vehicules Neufs,Vente Vehicules Occasion,Ren Minute Carrosserie,Atelier Carrosserie,Magasin Pieces Rechange
V&D MOTORS NV - TIELT,SCHUIFERSKAPELSESTEENWEG 65 A  8700 TIELT,tel:+3251403634,Atelier Mecanique,Vente Vehicules Neufs,Atelier Carrosserie,Magasin Pieces Rechange
GARAGE EECLOO BVBA,KWAKKELSTRAAT 5B  8810 LICHTERVELDE,tel:+3251722345,Atelier Mecanique,Vente Vehicules Neufs,Magasin Pieces Rechange,Renault Minute Service
GARAGE & CARROSSERIE SABA,VOSSELARESTRAAT 67  9850 NEVELE,tel:+3293715767,Atelier Mecanique,Vente Vehicules Neufs,Atelier Carrosserie,Magasin Pieces Rechange
V&D MOTORS NV - AARSELE,DEINSESTEENWEG 190  8700 TIELT (AARSELE),tel:+3251427864,Atelier Mecanique,Vente Vehicules Neufs,Vente Vehicules Occasion,Atelier Carrosserie,Magasin Pieces Rechange,Renault Minute Service
EDDY VAN WONTERGHEM BVBA,EVERGEMSESTEENWEG 68  9032 WONDELGEM,tel:+3292536124,Atelier Mecanique,Vente Vehicules Neufs,Atelier Carrosserie,Magasin Pieces Rechange
GARAGE N BAELE BVBA,KENNEDYLN 9-IND PARK ROSTEYNE  9060 ZELZATE,tel:+3293429777,Atelier Mecanique,Vente Vehicules Neufs,Ren Minute Carrosserie,Atelier Carrosserie,Magasin Pieces Rechange
GARAGE REHEUL NV,KAPELLESTRAAT 61 - 63  9800 DEINZE,tel:+3293862740,Atelier Mecanique,Vente Vehicules Neufs,Magasin Pieces Rechange
GARAGE DANIEL CLICTEUR,SINT-PIETERSKAAI 48  8000 BRUGGE,tel:+3250314163,Atelier Mecanique,Vente Vehicules Neufs,Atelier Carrosserie,Magasin Pieces Rechange
GARAGE DEMEYERE BRUGGE,PATHOEKEWEG 11+  8000 BRUGGE,tel:+3250530000,Atelier Mecanique,Vente Vehicules Neufs,Magasin Pieces Rechange
MAHY BRUGGE,GRASDREEF 2  8200 BRUGGE,,Atelier Mecanique,Vente Vehicules Neufs,Magasin Pieces Rechange
AUTOBEDRIJF H TEIRLINCK,OEDELEMSESTEENWEG 50  8340 SIJSELE,tel:+3250353736,Atelier Mecanique,Vente Vehicules Neufs,Magasin Pieces Rechange
GARAGE VANHOVE FRANK BVBA,BRUGSESTEENWEG 101  8420 WENDUINE,tel:+3250415690,Atelier Mecanique,Vente Vehicules Neufs,Atelier Carrosserie,Magasin Pieces Rechange,Renault Minute Service
GARAGE DEMEYERE KNOKKE-HEIST,WESTKAPELLESTRAAT 180  8301 KNOKKE-HEIST,tel:+3250512318,Atelier Mecanique,Vente Vehicules Neufs,Magasin Pieces Rechange
V&D MOTORS NV - MALDEGEM,WEGGEVOERDENLAAN 7  9990 MALDEGEM,tel:+3250712042,Atelier Mecanique,Vente Vehicules Neufs,Atelier Carrosserie,Magasin Pieces Rechange
GARAGE LIEVEN BLOMME,STEKELHOEK 1  9910 KNESSELARE,tel:+3293744314,Atelier Mecanique,Vente Vehicules Neufs,Magasin Pieces Rechange
GARAGE GOETHALS DAVY BVBA,OUDE BRUGGESTRAAT 100  8750 WINGENE,tel:+3251658365,Atelier Mecanique,Vente Vehicules Neufs,Magasin Pieces Rechange
RENAULT MINUTE BREDENE,BRUGSESTEENWEG 51 A  8450 BREDENE,tel:+3259333311,Renault Rent,Atelier Mecanique,Vente Vehicules Neufs,Magasin Pieces Rechange,Renault Minute Service
AUTOBEDRIJF DECLEIR BVBA,OOSTENDESTRAAT 258  8820 TORHOUT,tel:+3250215262,Renault Rent,Atelier Mecanique,Vente Vehicules Neufs,Vente Vehicules Occasion,Ren Minute Carrosserie,Atelier Carrosserie,Magasin Pieces Rechange
